Pt1,Pt2,Pt3,F1,F2,F3,Error
33,41,71,[0.031992323272048644],[0.0],[0.0],19.9888781467225
97,133,143,[51.90718705267401],[3.6307650418875275],[55.53870123329188],0.0014370689496600718
99,163,186,[65.30097450467306],[58.76847239338027],[6.533151583561706],0.0009240009151621561
103,123,172,[0.0],[14.034495680688535],[20.26443037518697],9.65866624563777
103,157,169,[69.9794691087042],[28.130610486990882],[41.848927992902446],0.00010494394228542531
112,134,150,[23.680268092862075],[1.5234898704505513e-11],[27.19146984615846],3.832473210619539
121,170,179,[15.463556819467605],[13.67136274898699],[0.0],14.42393612748151
